<ImportExportXml version="9.2.21101.144" SolutionPackageVersion="9.2" languagecode="1033" generatedBy="CrmLive" xmlns:xsi="http://www.w3.org/2001/XMLSchema-instance">
  <SolutionManifest>
    <UniqueName>AutoSeq</UniqueName>
    <LocalizedNames>
      <LocalizedName description="AutoSeq" languagecode="1033" />
    </LocalizedNames>
    <Descriptions />
    <Version>1.0.0.0</Version>
    <Managed>1</Managed>
    <Publisher>
      <UniqueName>extentec</UniqueName>
      <LocalizedNames>
        <LocalizedName description="Extentec" languagecode="1033" />
      </LocalizedNames>
      <Descriptions />
      <EMailAddress>info@extentec.com</EMailAddress>
      <SupportingWebsiteUrl>https://www.extentec.com</SupportingWebsiteUrl>
      <CustomizationPrefix>extentec</CustomizationPrefix>
      <CustomizationOptionValuePrefix>73037</CustomizationOptionValuePrefix>
      <Addresses>
        <Address>
          <AddressNumber>1</AddressNumber>
          <AddressTypeCode>1</AddressTypeCode>
          <City>Cincinnati</City>
          <County xsi:nil="true"></County>
          <Country>USA</Country>
          <Fax xsi:nil="true"></Fax>
          <FreightTermsCode xsi:nil="true"></FreightTermsCode>
          <ImportSequenceNumber xsi:nil="true"></ImportSequenceNumber>
          <Latitude xsi:nil="true"></Latitude>
          <Line1>2368 Victory Parkway</Line1>
          <Line2>Suite 410</Line2>
          <Line3 xsi:nil="true"></Line3>
          <Longitude xsi:nil="true"></Longitude>
          <Name xsi:nil="true"></Name>
          <PostalCode>45206</PostalCode>
          <PostOfficeBox xsi:nil="true"></PostOfficeBox>
          <PrimaryContactName xsi:nil="true"></PrimaryContactName>
          <ShippingMethodCode>1</ShippingMethodCode>
          <StateOrProvince>OH</StateOrProvince>
          <Telephone1>(800) 686-6916</Telephone1>
          <Telephone2 xsi:nil="true"></Telephone2>
          <Telephone3 xsi:nil="true"></Telephone3>
          <TimeZoneRuleVersionNumber xsi:nil="true"></TimeZoneRuleVersionNumber>
          <UPSZone xsi:nil="true"></UPSZone>
          <UTCOffset xsi:nil="true"></UTCOffset>
          <UTCConversionTimeZoneCode xsi:nil="true"></UTCConversionTimeZoneCode>
        </Address>
        <Address>
          <AddressNumber>2</AddressNumber>
          <AddressTypeCode>1</AddressTypeCode>
          <City xsi:nil="true"></City>
          <County xsi:nil="true"></County>
          <Country xsi:nil="true"></Country>
          <Fax xsi:nil="true"></Fax>
          <FreightTermsCode xsi:nil="true"></FreightTermsCode>
          <ImportSequenceNumber xsi:nil="true"></ImportSequenceNumber>
          <Latitude xsi:nil="true"></Latitude>
          <Line1 xsi:nil="true"></Line1>
          <Line2 xsi:nil="true"></Line2>
          <Line3 xsi:nil="true"></Line3>
          <Longitude xsi:nil="true"></Longitude>
          <Name xsi:nil="true"></Name>
          <PostalCode xsi:nil="true"></PostalCode>
          <PostOfficeBox xsi:nil="true"></PostOfficeBox>
          <PrimaryContactName xsi:nil="true"></PrimaryContactName>
          <ShippingMethodCode>1</ShippingMethodCode>
          <StateOrProvince xsi:nil="true"></StateOrProvince>
          <Telephone1 xsi:nil="true"></Telephone1>
          <Telephone2 xsi:nil="true"></Telephone2>
          <Telephone3 xsi:nil="true"></Telephone3>
          <TimeZoneRuleVersionNumber xsi:nil="true"></TimeZoneRuleVersionNumber>
          <UPSZone xsi:nil="true"></UPSZone>
          <UTCOffset xsi:nil="true"></UTCOffset>
          <UTCConversionTimeZoneCode xsi:nil="true"></UTCConversionTimeZoneCode>
        </Address>
      </Addresses>
    </Publisher>
    <RootComponents>
      <RootComponent type="1" schemaName="extentec_sequence" behavior="0" />
      <RootComponent type="29" id="{fec99659-9741-ec11-8c62-000d3a5b81bb}" behavior="0" />
      <RootComponent type="61" schemaName="extentec_sequence_fibonacci" behavior="0" />
      <RootComponent type="61" schemaName="extentec_sequence_fibonacci32" behavior="0" />
      <RootComponent type="61" schemaName="extentec_sequence_fibonacci_svg" behavior="0" />
      <RootComponent type="62" schemaName="extentec_Sequencer" behavior="0" />
      <RootComponent type="80" schemaName="extentec_Sequencer" behavior="0" />
      <RootComponent type="91" id="{a9153dc6-7524-4fa8-94c7-e5fdf7a13c04}" schemaName="AutoSeq.Plugins, Version=5.2021.1112.0, Culture=neutral, PublicKeyToken=b6b5f1984d000d3f" behavior="0" />
    </RootComponents>
    <MissingDependencies>
      <MissingDependency>
        <Required type="61" schemaName="msdyn_/Images/AppModule_Default_Icon.png" displayName="msdyn_/Images/AppModule_Default_Icon.png" solution="AppModuleWebResources (2.5)" />
        <Dependent type="80" schemaName="extentec_Sequencer" displayName="Sequencer" />
      </MissingDependency>
    </MissingDependencies>
  </SolutionManifest>
</ImportExportXml>